x,y,pearson_r,pearson_p,spearman_r,spearman_p
avg_co2_per_capita,mean_gdp_growth,0.07131882698062444,0.3641440316050991,0.014269584971365608,0.8560918111549007
avg_co2_per_capita,gdp_growth_volatility,0.055127913960975786,0.48323109067355263,0.07656877014949735,0.32981327813690875
