variable,coefficient,std_error,p_value,r_squared
const,0.02858862181128973,0.0019343772873065398,8.822391747803905e-32,0.12998178301459595
avg_co2_per_capita,0.0012853326240213144,0.0003131172522959858,6.41289006714368e-05,0.12998178301459595
baseline_gdp_pc,-7.556349035097481e-07,1.571773672144518e-07,3.4822596047758276e-06,0.12998178301459595
