variable,coefficient,std_error,p_value,r_squared
const,0.04630842049081538,0.003341624818530298,2.9988485196755954e-29,0.05906086757483309
avg_co2_per_capita,0.0014665199897078121,0.0005409081197594052,0.007431338450899557,0.05906086757483309
baseline_gdp_pc,-8.40653722920638e-07,2.7152293125112047e-07,0.002313662481849368,0.05906086757483309
